{"cameraMode":{"drawMode":0,"name":"Shaded","section":"Shading Mode"},"sceneLighting":false,"audioPlay":false,"sceneViewState":{"showFog":true,"showMaterialUpdate":false,"showSkybox":true,"showFlares":true,"showImageEffects":true,"showParticleSystems":true},"in2DMode":false,"pivot":{"x":9.228799819946289,"y":0.8759737014770508,"z":-3.9626083374023439},"rotation":{"x":-0.036123089492321017,"y":0.9516388773918152,"z":-0.27912694215774538,"w":-0.12315555661916733},"size":22.0,"orthographic":false}